frame_id,condition,points,old_points,fast_old_points,cyclist_box_points,cyclist_box_old_points,cyclist_box_fast_old_points,car_box_points,car_box_old_points,car_box_fast_old_points,pedestrian_box_points,pedestrian_box_old_points,pedestrian_box_fast_old_points
00544,ego,326,0,0,14,0,0,0,0,0,14,0,0
00544,old_gate,326,0,0,14,0,0,0,0,0,14,0,0
00544,radial,326,0,0,14,0,0,0,0,0,14,0,0
00544,radial_window,326,0,0,14,0,0,0,0,0,14,0,0
00544,opposite_radial_sign,326,0,0,14,0,0,0,0,0,14,0,0
00545,ego,607,326,32,33,17,8,0,0,0,22,12,0
00545,old_gate,607,326,32,33,17,8,0,0,0,22,12,0
00545,radial,607,326,32,31,15,6,0,0,0,22,12,0
00545,radial_window,605,324,30,31,15,6,0,0,0,22,12,0
00545,opposite_radial_sign,607,326,32,34,18,8,0,0,0,21,11,0
00546,ego,915,607,64,51,35,14,0,0,0,24,12,0
00546,old_gate,883,575,32,42,26,5,0,0,0,24,12,0
00546,radial,915,607,64,50,34,12,0,0,0,24,12,0
00546,radial_window,912,604,61,50,34,12,0,0,0,24,12,0
00546,opposite_radial_sign,915,607,64,48,32,11,0,0,0,26,14,0
00547,ego,1244,915,94,64,53,21,0,0,0,27,18,0
00547,old_gate,1180,851,30,51,40,8,0,0,0,27,18,0
00547,radial,1244,915,94,62,51,19,0,0,0,26,17,0
00547,radial_window,1240,911,90,62,51,19,0,0,0,26,17,0
00547,opposite_radial_sign,1244,915,94,61,50,17,0,0,0,29,20,0
00548,ego,1519,1244,131,75,60,18,0,0,0,31,23,0
00548,old_gate,1425,1150,37,61,46,4,0,0,0,31,23,0
00548,radial,1519,1244,131,74,59,18,0,0,0,30,22,0
00548,radial_window,1512,1237,124,74,59,18,0,0,0,30,22,0
00548,opposite_radial_sign,1519,1244,131,70,55,12,0,0,0,29,21,0
00549,ego,1841,1519,159,78,57,19,0,0,0,41,27,0
00549,old_gate,1710,1388,28,64,43,5,0,0,0,41,27,0
00549,radial,1841,1519,159,82,61,22,0,0,0,44,30,0
00549,radial_window,1830,1508,148,82,61,22,0,0,0,44,30,0
00549,opposite_radial_sign,1841,1519,159,66,45,8,0,0,0,38,24,0
00550,ego,2109,1841,198,84,73,29,0,0,0,49,36,0
00550,old_gate,1950,1682,39,68,57,13,0,0,0,49,36,0
00550,radial,2109,1841,198,89,78,34,0,0,0,55,42,0
00550,radial_window,2096,1828,185,89,78,34,0,0,0,55,42,0
00550,opposite_radial_sign,2109,1841,198,67,56,12,0,0,0,48,35,0
00551,ego,2337,2109,226,93,72,21,0,0,0,53,43,0
00551,old_gate,2139,1911,28,76,55,4,0,0,0,53,43,0
00551,radial,2337,2109,226,107,86,35,0,0,0,54,44,0
00551,radial_window,2322,2094,211,107,86,35,0,0,0,54,44,0
00551,opposite_radial_sign,2337,2109,226,78,57,7,0,0,0,49,39,0
00552,ego,2561,2337,252,90,78,17,0,0,0,64,50,0
00552,old_gate,2335,2111,26,81,69,8,0,0,0,64,50,0
00552,radial,2561,2337,252,112,100,37,0,0,0,62,48,0
00552,radial_window,2542,2318,233,112,100,37,0,0,0,62,48,0
00552,opposite_radial_sign,2561,2337,252,80,68,9,0,0,0,58,44,0
00553,ego,2751,2561,279,94,82,14,0,0,0,73,56,0
00553,old_gate,2499,2309,27,84,72,4,0,0,0,73,56,0
00553,radial,2751,2561,279,120,108,39,0,0,0,73,56,0
00553,radial_window,2720,2530,248,118,106,37,0,0,0,73,56,0
00553,opposite_radial_sign,2751,2561,279,87,75,8,0,0,0,71,54,0
00554,ego,2933,2751,303,99,87,8,0,0,0,63,52,0
00554,old_gate,2654,2472,24,92,80,1,0,0,0,63,52,0
00554,radial,2933,2751,303,136,124,44,0,0,0,63,52,0
00554,radial_window,2883,2701,253,131,119,39,0,0,0,63,52,0
00554,opposite_radial_sign,2933,2751,303,92,80,1,0,0,0,55,44,0
00555,ego,3130,2933,322,101,86,7,0,0,0,50,37,0
00555,old_gate,2827,2630,19,97,82,3,0,0,0,50,37,0
00555,radial,3130,2933,322,142,127,46,0,0,0,60,47,0
00555,radial_window,3057,2860,249,132,117,36,0,0,0,60,47,0
00555,opposite_radial_sign,3130,2933,322,97,82,3,0,0,0,51,38,0
00556,ego,3333,3130,337,103,91,7,0,0,0,52,42,0
00556,old_gate,3011,2808,15,99,87,3,0,0,0,52,42,0
00556,radial,3333,3130,337,143,131,46,0,0,0,61,51,0
00556,radial_window,3238,3035,242,128,116,31,0,0,0,61,51,0
00556,opposite_radial_sign,3333,3130,337,98,86,4,0,0,0,51,41,0
00557,ego,3542,3333,350,105,93,6,0,0,0,54,46,0
00557,old_gate,3205,2996,13,102,90,3,0,0,0,54,46,0
00557,radial,3542,3333,350,149,137,47,0,0,0,59,51,0
00557,radial_window,3432,3223,240,131,119,29,0,0,0,59,51,0
00557,opposite_radial_sign,3542,3333,350,101,89,3,0,0,0,50,42,0
00558,ego,3767,3542,370,108,99,8,0,0,0,56,45,0
00558,old_gate,3417,3192,20,105,96,5,0,0,0,56,45,0
00558,radial,3767,3542,370,150,141,48,0,0,0,57,46,0
00558,radial_window,3639,3414,242,131,122,29,0,0,0,57,46,0
00558,opposite_radial_sign,3767,3542,370,100,91,0,0,0,0,51,40,0
00559,ego,4009,3767,382,108,99,4,0,0,0,39,34,0
00559,old_gate,3639,3397,12,106,97,2,0,0,0,39,34,0
00559,radial,4009,3767,382,159,150,53,0,0,0,43,38,0
00559,radial_window,3859,3617,232,134,125,28,0,0,0,43,38,0
00559,opposite_radial_sign,4009,3767,382,105,96,0,0,0,0,33,28,0
00560,ego,4257,4009,401,108,96,3,0,0,0,39,28,0
00560,old_gate,3875,3627,19,108,96,3,0,0,0,39,28,0
00560,radial,4257,4009,401,167,155,60,0,0,0,51,40,0
00560,radial_window,4083,3835,227,138,126,31,0,0,0,51,40,0
00560,opposite_radial_sign,4257,4009,401,107,95,1,0,0,0,39,28,0
00561,ego,4508,4257,426,76,71,7,0,0,0,25,17,0
00561,old_gate,4107,3856,25,74,69,5,0,0,0,25,17,0
00561,radial,4508,4257,426,138,133,67,0,0,0,29,21,1
00561,radial_window,4312,4061,230,109,104,38,0,0,0,29,21,1
00561,opposite_radial_sign,4508,4257,426,71,66,2,0,0,0,25,17,0
00562,ego,4773,4508,441,45,34,5,0,0,0,29,18,0
00562,old_gate,4347,4082,15,42,31,2,0,0,0,29,18,0
00562,radial,4773,4508,441,109,98,69,0,0,0,44,33,2
00562,radial_window,4556,4291,224,77,66,37,0,0,0,44,33,2
00562,opposite_radial_sign,4773,4508,441,43,32,2,0,0,0,30,19,0
00563,ego,5018,4773,467,43,39,8,0,0,0,36,24,1
00563,old_gate,4577,4332,26,41,37,6,0,0,0,35,23,0
00563,radial,5018,4773,467,113,109,76,0,0,0,40,28,0
00563,radial_window,4768,4523,217,79,75,42,0,0,0,40,28,0
00563,opposite_radial_sign,5018,4773,467,39,35,4,0,0,0,32,20,0
00564,ego,4971,4692,454,44,38,6,0,0,0,49,35,1
00564,old_gate,4536,4257,19,40,34,2,0,0,0,48,34,0
00564,radial,4971,4692,454,111,105,74,0,0,0,48,34,1
00564,radial_window,4712,4433,195,78,72,41,0,0,0,48,34,1
00564,opposite_radial_sign,4971,4692,454,39,33,2,0,0,0,45,31,0
